order_id,order_date,customer_id,province,city,channel,category,product_name,unit_price,quantity,discount_rate,sales_amount,cost_amount,gross_profit,payment_status,is_new_customer,order_month,order_quarter
ORD202501010286,2025-01-01,C1995,湖北,宜昌,京东,食品生鲜,牛排套餐,181.4,4,0.05,0.0,0.0,0.0,已取消,否,2025-01,2025Q1
ORD202501010315,2025-01-01,C1653,上海,上海,抖音,食品生鲜,坚果礼盒,102.72,1,0.0,102.72,66.77,35.95,已支付,是,2025-01,2025Q1
ORD202501010203,2025-01-01,C1253,湖北,武汉,拼多多,食品生鲜,水果礼盒,166.22,1,0.05,157.91,113.7,44.21,已支付,否,2025-01,2025Q1
ORD202501020193,2025-01-02,C1011,江苏,苏州,抖音,美妆个护,精华液,321.76,3,0.0,965.28,434.38,530.9,已支付,否,2025-01,2025Q1
ORD202501020416,2025-01-02,C1109,北京,北京,京东,家用电器,空气炸锅,384.04,1,0.15,326.43,221.97,104.46,已支付,否,2025-01,2025Q1
ORD202501030449,2025-01-03,C1773,广东,佛山,拼多多,美妆个护,精华液,279.87,1,0.1,251.88,113.35,138.53,已支付,否,2025-01,2025Q1
ORD202501030284,2025-01-03,C1995,江苏,南京,拼多多,食品生鲜,坚果礼盒,107.45,2,0.0,214.9,139.69,75.21,已支付,是,2025-01,2025Q1
ORD202501030094,2025-01-03,C1621,北京,北京,抖音,家用电器,电饭煲,298.71,3,0.0,896.13,627.29,268.84,已支付,是,2025-01,2025Q1
ORD202501030450,2025-01-03,C1574,湖北,宜昌,拼多多,食品生鲜,坚果礼盒,91.02,1,0.05,86.47,56.21,30.26,已支付,否,2025-01,2025Q1
ORD202501040274,2025-01-04,C1785,江苏,南京,拼多多,手机数码,智能手机,4537.28,1,0.0,4537.28,3539.08,998.2,已支付,否,2025-01,2025Q1
ORD202501050347,2025-01-05,C1666,浙江,杭州,天猫,美妆个护,面膜套装,138.06,1,0.0,138.06,69.03,69.03,已支付,否,2025-01,2025Q1
ORD202501050465,2025-01-05,C1194,北京,北京,微信小程序,家用电器,空气炸锅,377.54,1,0.2,302.03,205.38,96.65,已支付,否,2025-01,2025Q1
ORD202501050492,2025-01-05,C1831,江苏,无锡,天猫,食品生鲜,水果礼盒,163.94,1,0.2,131.15,94.43,36.72,已支付,否,2025-01,2025Q1
ORD202501060312,2025-01-06,C1964,江苏,苏州,天猫,手机数码,智能手机,3809.22,3,0.0,11427.66,8913.57,2514.09,已支付,否,2025-01,2025Q1
ORD202501070035,2025-01-07,C1806,浙江,温州,官网,食品生鲜,水果礼盒,172.33,2,0.15,292.96,210.93,82.03,已支付,是,2025-01,2025Q1
ORD202501070143,2025-01-07,C1326,上海,上海,天猫,服饰鞋包,双肩包,249.21,1,0.0,249.21,149.53,99.68,已支付,否,2025-01,2025Q1
ORD202501070037,2025-01-07,C1521,四川,成都,拼多多,服饰鞋包,连衣裙,279.14,1,0.1,251.23,130.64,120.59,已支付,否,2025-01,2025Q1
ORD202501080296,2025-01-08,C1035,上海,上海,微信小程序,美妆个护,精华液,273.41,1,0.0,273.41,123.03,150.38,退款,是,2025-01,2025Q1
ORD202501080038,2025-01-08,C1746,广东,深圳,抖音,美妆个护,洗护套装,192.45,1,0.0,192.45,105.85,86.6,已支付,否,2025-01,2025Q1
ORD202501090467,2025-01-09,C1538,浙江,杭州,微信小程序,服饰鞋包,运动鞋,438.93,1,0.15,373.09,216.39,156.7,已支付,否,2025-01,2025Q1
ORD202501090180,2025-01-09,C1513,北京,北京,微信小程序,美妆个护,面膜套装,126.72,1,0.05,120.38,60.19,60.19,已支付,否,2025-01,2025Q1
ORD202501090002,2025-01-09,C1558,广东,广州,拼多多,美妆个护,面膜套装,129.21,1,0.0,129.21,64.61,64.6,已支付,是,2025-01,2025Q1
ORD202501100324,2025-01-10,C1900,浙江,宁波,抖音,服饰鞋包,运动鞋,516.7,2,0.05,981.73,569.4,412.33,已支付,是,2025-01,2025Q1
ORD202501100176,2025-01-10,C1953,浙江,温州,微信小程序,食品生鲜,水果礼盒,158.92,1,0.15,135.08,97.26,37.82,已支付,否,2025-01,2025Q1
ORD202501100344,2025-01-10,C1004,北京,北京,官网,食品生鲜,牛排套餐,222.4,2,0.05,422.56,295.79,126.77,已支付,是,2025-01,2025Q1
ORD202501120139,2025-01-12,C1244,上海,上海,抖音,美妆个护,精华液,308.92,2,0.1,556.06,250.23,305.83,已支付,否,2025-01,2025Q1
ORD202501120367,2025-01-12,C1123,浙江,宁波,拼多多,美妆个护,洗护套装,181.3,1,0.0,181.3,99.72,81.58,已支付,是,2025-01,2025Q1
ORD202501120281,2025-01-12,C1878,湖北,武汉,天猫,美妆个护,面膜套装,127.91,1,0.0,127.91,63.95,63.96,退款,否,2025-01,2025Q1
ORD202501120404,2025-01-12,C1269,广东,佛山,微信小程序,食品生鲜,牛排套餐,211.16,1,0.15,179.49,125.64,53.85,已支付,是,2025-01,2025Q1
ORD202501130170,2025-01-13,C1591,江苏,苏州,官网,家用电器,扫地机器人,1478.25,2,0.0,2956.5,2187.81,768.69,已支付,否,2025-01,2025Q1
ORD202501130468,2025-01-13,C1911,江苏,南京,天猫,家用电器,电饭煲,260.51,3,0.0,781.53,547.07,234.46,已支付,否,2025-01,2025Q1
ORD202501130325,2025-01-13,C1503,四川,绵阳,官网,食品生鲜,水果礼盒,135.26,2,0.0,270.52,194.77,75.75,已支付,是,2025-01,2025Q1
ORD202501130105,2025-01-13,C1600,湖北,宜昌,京东,美妆个护,面膜套装,140.11,1,0.15,119.09,59.55,59.54,已支付,是,2025-01,2025Q1
ORD202501140489,2025-01-14,C1110,上海,上海,天猫,手机数码,无线耳机,418.2,2,0.15,710.94,462.11,248.83,已支付,否,2025-01,2025Q1
ORD202501140187,2025-01-14,C1951,广东,深圳,京东,食品生鲜,坚果礼盒,98.18,2,0.0,0.0,0.0,0.0,已取消,否,2025-01,2025Q1
ORD202501140211,2025-01-14,C1687,江苏,苏州,微信小程序,家用电器,电饭煲,257.7,1,0.15,219.04,153.33,65.71,已支付,是,2025-01,2025Q1
ORD202501150280,2025-01-15,C1233,上海,上海,官网,食品生鲜,牛排套餐,184.38,1,0.05,175.16,122.61,52.55,已支付,是,2025-01,2025Q1
ORD202501150223,2025-01-15,C1878,四川,成都,天猫,美妆个护,面膜套装,128.99,1,0.1,116.09,58.05,58.04,已支付,是,2025-01,2025Q1
ORD202501150025,2025-01-15,C1911,北京,北京,微信小程序,美妆个护,面膜套装,132.68,2,0.0,265.36,132.68,132.68,已支付,是,2025-01,2025Q1
ORD202501160461,2025-01-16,C1571,江苏,无锡,官网,美妆个护,洗护套装,170.84,1,0.05,162.3,89.27,73.03,已支付,否,2025-01,2025Q1
ORD202501160104,2025-01-16,C1654,上海,上海,微信小程序,美妆个护,面膜套装,146.38,2,0.0,292.76,146.38,146.38,已支付,是,2025-01,2025Q1
ORD202501160181,2025-01-16,C1979,四川,成都,京东,家用电器,空气炸锅,406.29,4,0.05,1543.9,1049.85,494.05,已支付,否,2025-01,2025Q1
ORD202501170262,2025-01-17,C1560,湖北,宜昌,微信小程序,美妆个护,精华液,328.14,1,0.0,328.14,147.66,180.48,已支付,是,2025-01,2025Q1
ORD202501170017,2025-01-17,C1234,江苏,南京,天猫,家用电器,电饭煲,274.79,1,0.0,274.79,192.35,82.44,已支付,是,2025-01,2025Q1
ORD202501180205,2025-01-18,C1411,广东,佛山,拼多多,手机数码,无线耳机,410.7,2,0.0,821.4,533.91,287.49,已支付,是,2025-01,2025Q1
ORD202501180118,2025-01-18,C1378,浙江,温州,抖音,手机数码,智能手机,4294.26,1,0.05,4079.55,3182.05,897.5,已支付,否,2025-01,2025Q1
ORD202501180464,2025-01-18,C1518,北京,北京,拼多多,服饰鞋包,连衣裙,327.65,1,0.05,311.27,161.86,149.41,已支付,是,2025-01,2025Q1
ORD202501190123,2025-01-19,C1414,上海,上海,官网,服饰鞋包,运动鞋,492.98,1,0.0,492.98,285.93,207.05,已支付,否,2025-01,2025Q1
ORD202501190092,2025-01-19,C1203,上海,上海,拼多多,家用电器,扫地机器人,1665.65,1,0.0,1665.65,1232.58,433.07,已支付,否,2025-01,2025Q1
ORD202501190028,2025-01-19,C1291,北京,北京,京东,家用电器,扫地机器人,1422.69,1,0.0,1422.69,1052.79,369.9,已支付,否,2025-01,2025Q1
ORD202501200218,2025-01-20,C1223,湖北,武汉,微信小程序,手机数码,无线耳机,355.61,1,0.0,355.61,231.15,124.46,已支付,否,2025-01,2025Q1
ORD202501200130,2025-01-20,C1917,四川,成都,天猫,家用电器,电饭煲,299.63,1,0.05,284.65,199.25,85.4,已支付,否,2025-01,2025Q1
ORD202501210165,2025-01-21,C1172,江苏,南京,微信小程序,家用电器,扫地机器人,1419.19,1,0.05,1348.23,997.69,350.54,已支付,是,2025-01,2025Q1
ORD202501210054,2025-01-21,C1667,上海,上海,天猫,家用电器,空气炸锅,458.84,1,0.1,412.96,280.81,132.15,已支付,是,2025-01,2025Q1
ORD202501210154,2025-01-21,C1457,江苏,无锡,天猫,食品生鲜,水果礼盒,155.44,2,0.0,310.88,223.83,87.05,已支付,否,2025-01,2025Q1
ORD202501220243,2025-01-22,C1487,广东,佛山,天猫,美妆个护,精华液,282.13,1,0.0,282.13,126.96,155.17,已支付,否,2025-01,2025Q1
ORD202501220229,2025-01-22,C1157,湖北,宜昌,官网,美妆个护,洗护套装,147.38,1,0.05,140.01,77.01,63.0,已支付,否,2025-01,2025Q1
ORD202501220318,2025-01-22,C1838,四川,绵阳,微信小程序,家用电器,扫地机器人,1824.8,1,0.05,1733.56,1282.83,450.73,已支付,否,2025-01,2025Q1
ORD202501220142,2025-01-22,C1227,湖北,武汉,拼多多,食品生鲜,水果礼盒,177.21,1,0.05,168.35,121.21,47.14,退款,否,2025-01,2025Q1
ORD202501220253,2025-01-22,C1579,北京,北京,官网,美妆个护,精华液,257.08,1,0.0,257.08,115.69,141.39,已支付,否,2025-01,2025Q1
ORD202501220015,2025-01-22,C1271,四川,绵阳,微信小程序,手机数码,平板电脑,3238.17,1,0.05,3076.26,2307.2,769.06,已支付,否,2025-01,2025Q1
ORD202501230256,2025-01-23,C1647,上海,上海,拼多多,美妆个护,面膜套装,141.02,1,0.05,133.97,66.98,66.99,已支付,是,2025-01,2025Q1
ORD202501230423,2025-01-23,C1070,江苏,苏州,天猫,食品生鲜,坚果礼盒,95.89,1,0.05,91.1,59.21,31.89,已支付,否,2025-01,2025Q1
ORD202501240099,2025-01-24,C1598,湖北,宜昌,拼多多,手机数码,无线耳机,403.38,1,0.1,363.04,235.98,127.06,已支付,否,2025-01,2025Q1
ORD202501240022,2025-01-24,C1388,湖北,武汉,天猫,美妆个护,精华液,297.71,1,0.05,282.82,127.27,155.55,已支付,否,2025-01,2025Q1
ORD202501240287,2025-01-24,C1097,广东,广州,微信小程序,家用电器,扫地机器人,1695.35,1,0.2,1356.28,1003.65,352.63,已支付,是,2025-01,2025Q1
ORD202501240303,2025-01-24,C1825,广东,广州,京东,家用电器,空气炸锅,341.54,1,0.0,341.54,232.25,109.29,已支付,否,2025-01,2025Q1
ORD202501240081,2025-01-24,C1722,浙江,杭州,抖音,服饰鞋包,运动鞋,521.11,1,0.15,442.94,256.91,186.03,已支付,否,2025-01,2025Q1
ORD202501250175,2025-01-25,C1512,上海,上海,天猫,食品生鲜,坚果礼盒,112.04,2,0.0,224.08,145.65,78.43,已支付,是,2025-01,2025Q1
ORD202501250476,2025-01-25,C1830,广东,深圳,抖音,食品生鲜,牛排套餐,177.41,1,0.05,168.54,117.98,50.56,已支付,是,2025-01,2025Q1
ORD202501250293,2025-01-25,C1843,上海,上海,拼多多,美妆个护,面膜套装,110.11,2,0.2,176.18,88.09,88.09,已支付,否,2025-01,2025Q1
ORD202501260006,2025-01-26,C1718,上海,上海,官网,服饰鞋包,双肩包,284.96,1,0.05,270.71,162.43,108.28,已支付,是,2025-01,2025Q1
ORD202501270127,2025-01-27,C1791,浙江,宁波,官网,美妆个护,面膜套装,132.96,2,0.1,239.33,119.67,119.66,已支付,否,2025-01,2025Q1
ORD202501280093,2025-01-28,C1674,浙江,宁波,拼多多,家用电器,扫地机器人,1634.89,4,0.0,0.0,0.0,0.0,已取消,否,2025-01,2025Q1
ORD202501280323,2025-01-28,C1585,北京,北京,微信小程序,食品生鲜,坚果礼盒,110.29,3,0.0,330.87,215.07,115.8,已支付,否,2025-01,2025Q1
ORD202501280059,2025-01-28,C1630,上海,上海,微信小程序,服饰鞋包,双肩包,232.04,1,0.05,220.44,132.26,88.18,已支付,否,2025-01,2025Q1
ORD202501280290,2025-01-28,C1315,浙江,宁波,拼多多,服饰鞋包,连衣裙,290.61,1,0.2,232.49,120.89,111.6,已支付,否,2025-01,2025Q1
ORD202501280173,2025-01-28,C1575,上海,上海,京东,食品生鲜,坚果礼盒,95.01,1,0.0,95.01,61.76,33.25,已支付,否,2025-01,2025Q1
ORD202501280125,2025-01-28,C1341,浙江,宁波,京东,家用电器,扫地机器人,1610.49,1,0.0,1610.49,1191.76,418.73,已支付,是,2025-01,2025Q1
ORD202501280100,2025-01-28,C1663,四川,成都,天猫,服饰鞋包,运动鞋,516.9,3,0.0,1550.7,899.41,651.29,已支付,否,2025-01,2025Q1
ORD202501290486,2025-01-29,C1710,四川,成都,天猫,美妆个护,洗护套装,190.64,2,0.15,324.09,178.25,145.84,已支付,否,2025-01,2025Q1
ORD202501290484,2025-01-29,C1312,四川,绵阳,京东,服饰鞋包,连衣裙,285.39,1,0.05,271.12,140.98,130.14,已支付,否,2025-01,2025Q1
ORD202501290353,2025-01-29,C1659,湖北,宜昌,京东,美妆个护,面膜套装,139.82,1,0.1,125.84,62.92,62.92,退款,否,2025-01,2025Q1
ORD202501300030,2025-01-30,C1649,广东,佛山,抖音,家用电器,空气炸锅,371.75,1,0.1,334.57,227.51,107.06,已支付,否,2025-01,2025Q1
ORD202501300116,2025-01-30,C1628,湖北,宜昌,官网,家用电器,空气炸锅,435.77,2,0.2,697.23,474.12,223.11,已支付,是,2025-01,2025Q1
ORD202501300355,2025-01-30,C1636,广东,广州,抖音,手机数码,智能手机,4194.98,1,0.05,3985.23,3108.48,876.75,已支付,是,2025-01,2025Q1
ORD202501300068,2025-01-30,C1576,湖北,武汉,抖音,服饰鞋包,连衣裙,260.8,1,0.0,260.8,135.62,125.18,已支付,是,2025-01,2025Q1
ORD202501300158,2025-01-30,C1720,广东,佛山,拼多多,美妆个护,精华液,300.59,3,0.0,901.77,405.8,495.97,已支付,是,2025-01,2025Q1
ORD202501300366,2025-01-30,C1534,广东,佛山,抖音,美妆个护,面膜套装,122.86,2,0.2,196.58,98.29,98.29,已支付,是,2025-01,2025Q1
ORD202501300098,2025-01-30,C1823,上海,上海,微信小程序,美妆个护,面膜套装,142.94,2,0.2,0.0,0.0,0.0,已取消,否,2025-01,2025Q1
ORD202501310291,2025-01-31,C1093,广东,广州,官网,食品生鲜,坚果礼盒,104.85,1,0.15,89.12,57.93,31.19,已支付,是,2025-01,2025Q1
ORD202501310320,2025-01-31,C1699,湖北,宜昌,拼多多,美妆个护,面膜套装,147.27,2,0.0,294.54,147.27,147.27,已支付,是,2025-01,2025Q1
ORD202502010392,2025-02-01,C1759,广东,广州,官网,家用电器,电饭煲,289.5,1,0.0,289.5,202.65,86.85,已支付,否,2025-02,2025Q1
ORD202502020295,2025-02-02,C1741,广东,深圳,拼多多,手机数码,智能手机,4529.6,1,0.15,3850.16,3003.12,847.04,已支付,否,2025-02,2025Q1
ORD202502020163,2025-02-02,C1564,江苏,无锡,官网,手机数码,无线耳机,394.91,1,0.0,394.91,256.69,138.22,已支付,是,2025-02,2025Q1
ORD202502020454,2025-02-02,C1804,四川,绵阳,拼多多,手机数码,智能手机,3507.36,1,0.0,3507.36,2735.74,771.62,已支付,否,2025-02,2025Q1
ORD202502030199,2025-02-03,C1405,北京,北京,抖音,服饰鞋包,双肩包,224.64,1,0.15,190.94,114.56,76.38,已支付,是,2025-02,2025Q1
ORD202502030164,2025-02-03,C1354,上海,上海,微信小程序,手机数码,平板电脑,2686.82,1,0.0,2686.82,2015.12,671.7,已支付,否,2025-02,2025Q1
ORD202502030097,2025-02-03,C1493,湖北,宜昌,抖音,家用电器,电饭煲,336.09,2,0.0,672.18,470.53,201.65,已支付,否,2025-02,2025Q1
ORD202502030135,2025-02-03,C1848,北京,北京,官网,食品生鲜,坚果礼盒,95.34,2,0.15,162.08,105.35,56.73,已支付,是,2025-02,2025Q1
ORD202502040252,2025-02-04,C1454,浙江,宁波,拼多多,家用电器,电饭煲,312.73,1,0.05,297.09,207.96,89.13,已支付,是,2025-02,2025Q1
ORD202502040409,2025-02-04,C1613,四川,成都,微信小程序,家用电器,空气炸锅,345.84,1,0.0,345.84,235.17,110.67,退款,是,2025-02,2025Q1
ORD202502050419,2025-02-05,C1804,湖北,武汉,抖音,美妆个护,精华液,324.39,3,0.0,973.17,437.93,535.24,已支付,是,2025-02,2025Q1
ORD202502050270,2025-02-05,C1283,湖北,武汉,官网,家用电器,电饭煲,288.6,4,0.0,1154.4,808.08,346.32,已支付,是,2025-02,2025Q1
ORD202502060087,2025-02-06,C1082,上海,上海,抖音,手机数码,无线耳机,432.7,1,0.1,389.43,253.13,136.3,已支付,否,2025-02,2025Q1
ORD202502070144,2025-02-07,C1005,浙江,杭州,天猫,食品生鲜,水果礼盒,167.29,1,0.1,150.56,108.4,42.16,已支付,是,2025-02,2025Q1
ORD202502080049,2025-02-08,C1063,浙江,宁波,京东,美妆个护,洗护套装,154.5,1,0.0,154.5,84.98,69.52,已支付,否,2025-02,2025Q1
ORD202502080361,2025-02-08,C1169,湖北,武汉,天猫,手机数码,平板电脑,3389.8,1,0.05,3220.31,2415.23,805.08,已支付,否,2025-02,2025Q1
ORD202502090204,2025-02-09,C1016,江苏,南京,京东,手机数码,智能手机,4370.28,1,0.1,3933.25,3067.93,865.32,退款,是,2025-02,2025Q1
ORD202502110177,2025-02-11,C1486,上海,上海,天猫,家用电器,扫地机器人,1602.51,1,0.05,1522.38,1126.56,395.82,已支付,否,2025-02,2025Q1
ORD202502110420,2025-02-11,C1379,上海,上海,天猫,手机数码,智能手机,3965.01,1,0.0,3965.01,3092.71,872.3,已支付,是,2025-02,2025Q1
ORD202502130233,2025-02-13,C1495,浙江,宁波,天猫,食品生鲜,水果礼盒,157.67,1,0.05,149.79,107.85,41.94,已支付,否,2025-02,2025Q1
ORD202502130166,2025-02-13,C1590,四川,绵阳,抖音,家用电器,空气炸锅,437.93,1,0.0,437.93,297.79,140.14,已支付,是,2025-02,2025Q1
ORD202502130343,2025-02-13,C1488,北京,北京,拼多多,服饰鞋包,运动鞋,443.52,1,0.05,421.34,244.38,176.96,已支付,是,2025-02,2025Q1
ORD202502140398,2025-02-14,C1744,四川,成都,天猫,食品生鲜,牛排套餐,222.36,1,0.1,200.12,140.08,60.04,已支付,是,2025-02,2025Q1
ORD202502140328,2025-02-14,C1377,浙江,杭州,拼多多,手机数码,智能手机,3438.83,1,0.05,3266.89,2548.17,718.72,已支付,否,2025-02,2025Q1
ORD202502140192,2025-02-14,C1488,北京,北京,抖音,服饰鞋包,双肩包,245.63,1,0.0,0.0,0.0,0.0,已取消,是,2025-02,2025Q1
ORD202502140189,2025-02-14,C1296,上海,上海,天猫,手机数码,无线耳机,433.47,1,0.1,390.12,253.58,136.54,已支付,是,2025-02,2025Q1
ORD202502150225,2025-02-15,C1078,湖北,宜昌,抖音,手机数码,智能手机,4103.42,2,0.1,7386.16,5761.2,1624.96,已支付,是,2025-02,2025Q1
ORD202502150236,2025-02-15,C1385,上海,上海,抖音,食品生鲜,坚果礼盒,104.79,1,0.05,99.55,64.71,34.84,已支付,否,2025-02,2025Q1
ORD202502150413,2025-02-15,C1552,上海,上海,天猫,家用电器,电饭煲,321.64,1,0.1,289.48,202.64,86.84,退款,否,2025-02,2025Q1
ORD202502150304,2025-02-15,C1538,湖北,宜昌,抖音,手机数码,智能手机,3576.36,2,0.0,7152.72,5579.12,1573.6,已支付,是,2025-02,2025Q1
ORD202502160308,2025-02-16,C1079,北京,北京,京东,家用电器,空气炸锅,415.72,1,0.05,394.93,268.55,126.38,已支付,否,2025-02,2025Q1
ORD202502160456,2025-02-16,C1453,浙江,宁波,京东,服饰鞋包,运动鞋,442.41,2,0.0,884.82,513.2,371.62,已支付,是,2025-02,2025Q1
ORD202502170209,2025-02-17,C1575,湖北,宜昌,拼多多,美妆个护,面膜套装,121.29,2,0.15,206.19,103.09,103.1,退款,否,2025-02,2025Q1
ORD202502170379,2025-02-17,C1598,浙江,温州,抖音,家用电器,空气炸锅,384.3,1,0.05,365.08,248.25,116.83,已支付,是,2025-02,2025Q1
ORD202502180171,2025-02-18,C1402,湖北,武汉,微信小程序,服饰鞋包,双肩包,256.42,3,0.05,730.8,438.48,292.32,已支付,否,2025-02,2025Q1
ORD202502180314,2025-02-18,C1157,上海,上海,天猫,食品生鲜,水果礼盒,145.56,1,0.05,138.28,99.56,38.72,已支付,否,2025-02,2025Q1
ORD202502180471,2025-02-18,C1108,浙江,温州,官网,美妆个护,洗护套装,175.35,1,0.1,157.81,86.8,71.01,已支付,否,2025-02,2025Q1
ORD202502190422,2025-02-19,C1670,广东,佛山,天猫,家用电器,电饭煲,316.8,1,0.1,285.12,199.58,85.54,已支付,是,2025-02,2025Q1
ORD202502190140,2025-02-19,C1989,江苏,无锡,京东,家用电器,扫地机器人,1580.62,1,0.05,1501.59,1111.18,390.41,已支付,是,2025-02,2025Q1
ORD202502190065,2025-02-19,C1102,浙江,温州,京东,服饰鞋包,连衣裙,319.15,4,0.05,1212.77,630.64,582.13,已支付,否,2025-02,2025Q1
ORD202502200491,2025-02-20,C1402,北京,北京,官网,家用电器,电饭煲,256.08,1,0.05,243.28,170.3,72.98,已支付,是,2025-02,2025Q1
ORD202502200457,2025-02-20,C1330,上海,上海,京东,家用电器,电饭煲,342.25,1,0.1,308.03,215.62,92.41,已支付,是,2025-02,2025Q1
ORD202502200216,2025-02-20,C1263,江苏,南京,拼多多,服饰鞋包,双肩包,284.9,1,0.1,256.41,153.85,102.56,已支付,否,2025-02,2025Q1
ORD202502220247,2025-02-22,C1468,江苏,无锡,天猫,手机数码,平板电脑,2640.7,3,0.0,7922.1,5941.58,1980.52,已支付,否,2025-02,2025Q1
ORD202502240016,2025-02-24,C1123,北京,北京,京东,食品生鲜,水果礼盒,181.47,1,0.05,172.4,124.13,48.27,已支付,是,2025-02,2025Q1
ORD202502240009,2025-02-24,C1269,四川,绵阳,官网,服饰鞋包,双肩包,255.8,1,0.0,255.8,153.48,102.32,已支付,否,2025-02,2025Q1
ORD202502240407,2025-02-24,C1338,浙江,杭州,官网,美妆个护,精华液,308.15,2,0.1,554.67,249.6,305.07,已支付,是,2025-02,2025Q1
ORD202502240393,2025-02-24,C1818,上海,上海,微信小程序,美妆个护,面膜套装,118.19,2,0.0,236.38,118.19,118.19,已支付,是,2025-02,2025Q1
ORD202502250200,2025-02-25,C1070,北京,北京,拼多多,手机数码,无线耳机,380.39,1,0.2,304.31,197.8,106.51,退款,是,2025-02,2025Q1
ORD202502260046,2025-02-26,C1820,浙江,温州,拼多多,家用电器,扫地机器人,1383.24,1,0.15,1175.75,870.05,305.7,已支付,否,2025-02,2025Q1
ORD202502270282,2025-02-27,C1689,江苏,南京,天猫,服饰鞋包,双肩包,245.01,2,0.05,465.52,279.31,186.21,已支付,是,2025-02,2025Q1
ORD202502270044,2025-02-27,C1466,湖北,武汉,拼多多,美妆个护,面膜套装,111.44,4,0.1,401.18,200.59,200.59,已支付,是,2025-02,2025Q1
ORD202502270345,2025-02-27,C1046,四川,绵阳,抖音,食品生鲜,牛排套餐,175.28,1,0.0,175.28,122.7,52.58,已支付,否,2025-02,2025Q1
ORD202502270137,2025-02-27,C1904,浙江,杭州,微信小程序,手机数码,无线耳机,440.23,1,0.1,396.21,257.54,138.67,已支付,是,2025-02,2025Q1
ORD202502270283,2025-02-27,C1088,湖北,武汉,微信小程序,服饰鞋包,运动鞋,555.44,2,0.1,999.79,579.88,419.91,已支付,否,2025-02,2025Q1
ORD202502280224,2025-02-28,C1556,浙江,温州,微信小程序,家用电器,扫地机器人,1489.19,3,0.1,4020.81,2975.4,1045.41,已支付,是,2025-02,2025Q1
ORD202502280326,2025-02-28,C1216,浙江,宁波,拼多多,服饰鞋包,连衣裙,278.32,1,0.1,250.49,130.25,120.24,已支付,否,2025-02,2025Q1
ORD202502280066,2025-02-28,C1299,江苏,南京,官网,食品生鲜,牛排套餐,211.42,1,0.0,211.42,147.99,63.43,已支付,是,2025-02,2025Q1
ORD202502280412,2025-02-28,C1846,上海,上海,京东,美妆个护,面膜套装,110.29,1,0.15,93.75,46.88,46.87,已支付,是,2025-02,2025Q1
ORD202503010072,2025-03-01,C1810,江苏,无锡,官网,食品生鲜,坚果礼盒,109.68,1,0.0,109.68,71.29,38.39,已支付,是,2025-03,2025Q1
ORD202503010085,2025-03-01,C1679,湖北,宜昌,官网,手机数码,无线耳机,428.29,2,0.15,728.09,473.26,254.83,已支付,是,2025-03,2025Q1
ORD202503020435,2025-03-02,C1381,江苏,苏州,抖音,家用电器,扫地机器人,1534.68,1,0.0,1534.68,1135.66,399.02,已支付,否,2025-03,2025Q1
ORD202503020207,2025-03-02,C1752,江苏,南京,京东,家用电器,空气炸锅,388.65,1,0.05,369.22,251.07,118.15,已支付,否,2025-03,2025Q1
ORD202503030430,2025-03-03,C1109,湖北,宜昌,天猫,美妆个护,面膜套装,117.5,1,0.1,105.75,52.88,52.87,已支付,是,2025-03,2025Q1
ORD202503030221,2025-03-03,C1415,浙江,温州,拼多多,家用电器,扫地机器人,1750.21,1,0.05,1662.7,1230.4,432.3,已支付,是,2025-03,2025Q1
ORD202503030027,2025-03-03,C1009,江苏,苏州,拼多多,美妆个护,洗护套装,176.38,1,0.15,149.92,82.46,67.46,退款,是,2025-03,2025Q1
ORD202503030149,2025-03-03,C1658,四川,成都,京东,家用电器,电饭煲,322.02,1,0.05,305.92,214.14,91.78,已支付,否,2025-03,2025Q1
ORD202503030272,2025-03-03,C1369,上海,上海,抖音,手机数码,智能手机,3998.5,1,0.05,0.0,0.0,0.0,已取消,是,2025-03,2025Q1
ORD202503030172,2025-03-03,C1481,浙江,温州,抖音,食品生鲜,牛排套餐,172.17,1,0.15,146.34,102.44,43.9,已支付,是,2025-03,2025Q1
ORD202503040019,2025-03-04,C1884,湖北,宜昌,官网,服饰鞋包,运动鞋,438.27,2,0.05,832.71,482.97,349.74,已支付,是,2025-03,2025Q1
ORD202503040245,2025-03-04,C1644,北京,北京,京东,家用电器,空气炸锅,378.77,1,0.05,359.83,244.68,115.15,已支付,是,2025-03,2025Q1
ORD202503050069,2025-03-05,C1930,广东,佛山,拼多多,服饰鞋包,双肩包,266.47,1,0.1,239.82,143.89,95.93,已支付,否,2025-03,2025Q1
ORD202503050271,2025-03-05,C1401,北京,北京,抖音,手机数码,平板电脑,3337.13,1,0.1,3003.42,2252.57,750.85,已支付,是,2025-03,2025Q1
ORD202503050055,2025-03-05,C1476,浙江,杭州,官网,家用电器,空气炸锅,367.7,1,0.0,367.7,250.04,117.66,退款,否,2025-03,2025Q1
ORD202503050183,2025-03-05,C1706,江苏,无锡,官网,食品生鲜,牛排套餐,225.36,4,0.1,811.3,567.91,243.39,已支付,否,2025-03,2025Q1
ORD202503050451,2025-03-05,C1819,浙江,温州,微信小程序,服饰鞋包,连衣裙,273.94,1,0.1,246.55,128.21,118.34,已支付,否,2025-03,2025Q1
ORD202503060031,2025-03-06,C1652,湖北,武汉,抖音,手机数码,平板电脑,2930.24,1,0.0,2930.24,2197.68,732.56,已支付,是,2025-03,2025Q1
ORD202503060234,2025-03-06,C1405,浙江,温州,抖音,服饰鞋包,双肩包,268.07,1,0.0,268.07,160.84,107.23,已支付,否,2025-03,2025Q1
ORD202503060134,2025-03-06,C1715,四川,成都,官网,食品生鲜,牛排套餐,203.94,1,0.0,0.0,0.0,0.0,已取消,否,2025-03,2025Q1
ORD202503070145,2025-03-07,C1124,浙江,杭州,天猫,家用电器,电饭煲,308.77,1,0.1,277.89,194.52,83.37,已支付,是,2025-03,2025Q1
ORD202503080053,2025-03-08,C1851,上海,上海,拼多多,美妆个护,精华液,283.47,2,0.05,538.59,242.37,296.22,已支付,否,2025-03,2025Q1
ORD202503090023,2025-03-09,C1498,湖北,宜昌,京东,食品生鲜,水果礼盒,167.32,2,0.1,301.18,216.85,84.33,已支付,是,2025-03,2025Q1
ORD202503110191,2025-03-11,C1345,浙江,杭州,抖音,食品生鲜,牛排套餐,212.8,1,0.1,191.52,134.06,57.46,已支付,是,2025-03,2025Q1
ORD202503110299,2025-03-11,C1483,浙江,杭州,微信小程序,食品生鲜,坚果礼盒,90.65,3,0.1,244.76,159.09,85.67,已支付,否,2025-03,2025Q1
ORD202503110443,2025-03-11,C1745,上海,上海,京东,家用电器,电饭煲,340.76,1,0.0,340.76,238.53,102.23,已支付,否,2025-03,2025Q1
ORD202503110152,2025-03-11,C1508,广东,深圳,官网,服饰鞋包,连衣裙,320.82,3,0.05,0.0,0.0,0.0,已取消,否,2025-03,2025Q1
ORD202503120397,2025-03-12,C1312,湖北,宜昌,拼多多,美妆个护,洗护套装,180.81,3,0.05,515.31,283.42,231.89,已支付,是,2025-03,2025Q1
ORD202503120322,2025-03-12,C1151,北京,北京,微信小程序,手机数码,平板电脑,3109.72,1,0.05,2954.23,2215.67,738.56,已支付,是,2025-03,2025Q1
ORD202503120371,2025-03-12,C1524,上海,上海,抖音,食品生鲜,水果礼盒,172.45,1,0.1,155.2,111.74,43.46,退款,否,2025-03,2025Q1
ORD202503130103,2025-03-13,C1702,广东,佛山,抖音,食品生鲜,牛排套餐,195.62,3,0.15,498.83,349.18,149.65,已支付,否,2025-03,2025Q1
ORD202503130436,2025-03-13,C1823,上海,上海,京东,家用电器,空气炸锅,456.37,2,0.15,775.83,527.56,248.27,已支付,否,2025-03,2025Q1
ORD202503140351,2025-03-14,C1366,广东,广州,官网,服饰鞋包,运动鞋,515.32,2,0.15,0.0,0.0,0.0,已取消,否,2025-03,2025Q1
ORD202503140452,2025-03-14,C1632,四川,绵阳,拼多多,服饰鞋包,运动鞋,551.92,1,0.0,551.92,320.11,231.81,已支付,否,2025-03,2025Q1
ORD202503150201,2025-03-15,C1391,上海,上海,拼多多,美妆个护,洗护套装,193.25,1,0.05,0.0,0.0,0.0,已取消,否,2025-03,2025Q1
ORD202503150080,2025-03-15,C1564,上海,上海,天猫,手机数码,智能手机,4566.63,1,0.0,4566.63,3561.97,1004.66,已支付,否,2025-03,2025Q1
ORD202503160185,2025-03-16,C1847,广东,深圳,微信小程序,手机数码,无线耳机,449.75,2,0.1,809.55,526.21,283.34,已支付,否,2025-03,2025Q1
ORD202503160147,2025-03-16,C1998,上海,上海,抖音,家用电器,扫地机器人,1474.55,1,0.1,1327.1,982.05,345.05,已支付,是,2025-03,2025Q1
ORD202503160122,2025-03-16,C1512,江苏,南京,微信小程序,手机数码,无线耳机,428.57,1,0.05,407.14,264.64,142.5,已支付,否,2025-03,2025Q1
ORD202503160232,2025-03-16,C1173,上海,上海,官网,手机数码,平板电脑,3359.9,3,0.2,8063.76,6047.82,2015.94,已支付,否,2025-03,2025Q1
ORD202503160124,2025-03-16,C1370,广东,深圳,天猫,手机数码,无线耳机,359.72,3,0.05,1025.2,666.38,358.82,已支付,否,2025-03,2025Q1
ORD202503170352,2025-03-17,C1013,浙江,杭州,官网,家用电器,扫地机器人,1795.85,2,0.05,3412.11,2524.96,887.15,已支付,是,2025-03,2025Q1
ORD202503170024,2025-03-17,C1514,浙江,杭州,微信小程序,家用电器,电饭煲,302.78,2,0.0,605.56,423.89,181.67,已支付,是,2025-03,2025Q1
ORD202503170354,2025-03-17,C1693,江苏,苏州,抖音,手机数码,智能手机,4374.72,3,0.15,11155.54,8701.32,2454.22,已支付,否,2025-03,2025Q1
ORD202503180190,2025-03-18,C1137,北京,北京,微信小程序,食品生鲜,水果礼盒,155.84,1,0.05,148.05,106.6,41.45,退款,否,2025-03,2025Q1
ORD202503180168,2025-03-18,C1320,上海,上海,官网,手机数码,智能手机,3926.54,1,0.0,3926.54,3062.7,863.84,已支付,否,2025-03,2025Q1
ORD202503190475,2025-03-19,C1282,广东,深圳,微信小程序,美妆个护,面膜套装,142.77,1,0.15,121.35,60.67,60.68,已支付,是,2025-03,2025Q1
ORD202503200307,2025-03-20,C1789,四川,绵阳,微信小程序,美妆个护,面膜套装,137.86,3,0.15,351.54,175.77,175.77,已支付,是,2025-03,2025Q1
ORD202503210096,2025-03-21,C1425,湖北,宜昌,京东,手机数码,平板电脑,2877.42,1,0.15,2445.81,1834.36,611.45,已支付,是,2025-03,2025Q1
ORD202503220429,2025-03-22,C1754,江苏,南京,京东,家用电器,扫地机器人,1446.83,2,0.15,2459.61,1820.11,639.5,已支付,是,2025-03,2025Q1
ORD202503220151,2025-03-22,C1882,江苏,无锡,天猫,服饰鞋包,双肩包,256.93,1,0.1,231.24,138.74,92.5,已支付,否,2025-03,2025Q1
ORD202503220434,2025-03-22,C1265,四川,成都,京东,手机数码,平板电脑,2738.76,1,0.0,2738.76,2054.07,684.69,已支付,否,2025-03,2025Q1
ORD202503220342,2025-03-22,C1462,湖北,武汉,抖音,手机数码,无线耳机,378.97,4,0.0,1515.88,985.32,530.56,已支付,是,2025-03,2025Q1
ORD202503230230,2025-03-23,C1089,江苏,南京,京东,手机数码,智能手机,4530.42,1,0.1,4077.38,3180.36,897.02,已支付,否,2025-03,2025Q1
ORD202503230309,2025-03-23,C1214,浙江,温州,京东,手机数码,平板电脑,3151.97,2,0.0,6303.94,4727.95,1575.99,已支付,是,2025-03,2025Q1
ORD202503230496,2025-03-23,C1783,广东,佛山,抖音,家用电器,电饭煲,264.77,1,0.15,225.05,157.53,67.52,已支付,否,2025-03,2025Q1
ORD202503230184,2025-03-23,C1404,上海,上海,抖音,家用电器,电饭煲,278.68,1,0.1,250.81,175.57,75.24,已支付,是,2025-03,2025Q1
ORD202503230088,2025-03-23,C1232,四川,绵阳,官网,家用电器,空气炸锅,413.06,1,0.1,371.75,252.79,118.96,已支付,是,2025-03,2025Q1
ORD202503240362,2025-03-24,C1080,浙江,宁波,拼多多,食品生鲜,牛排套餐,199.41,1,0.05,189.44,132.61,56.83,已支付,否,2025-03,2025Q1
ORD202503240075,2025-03-24,C1021,北京,北京,官网,手机数码,智能手机,3673.79,2,0.15,6245.44,4871.44,1374.0,已支付,否,2025-03,2025Q1
ORD202503250198,2025-03-25,C1828,湖北,宜昌,天猫,手机数码,平板电脑,2733.95,1,0.0,2733.95,2050.46,683.49,已支付,否,2025-03,2025Q1
ORD202503250228,2025-03-25,C1696,广东,佛山,微信小程序,食品生鲜,水果礼盒,157.55,1,0.15,133.92,96.42,37.5,已支付,否,2025-03,2025Q1
ORD202503250041,2025-03-25,C1178,上海,上海,微信小程序,家用电器,空气炸锅,362.11,2,0.05,688.01,467.85,220.16,已支付,否,2025-03,2025Q1
ORD202503260178,2025-03-26,C1611,四川,成都,拼多多,服饰鞋包,双肩包,244.06,3,0.15,622.35,373.41,248.94,已支付,否,2025-03,2025Q1
ORD202503260235,2025-03-26,C1205,上海,上海,拼多多,服饰鞋包,双肩包,295.85,1,0.0,295.85,177.51,118.34,退款,否,2025-03,2025Q1
ORD202503260380,2025-03-26,C1863,上海,上海,官网,手机数码,智能手机,4513.23,1,0.1,4061.91,3168.29,893.62,已支付,否,2025-03,2025Q1
ORD202503260106,2025-03-26,C1817,湖北,武汉,京东,家用电器,空气炸锅,372.34,4,0.2,1191.49,810.21,381.28,已支付,是,2025-03,2025Q1
ORD202503260241,2025-03-26,C1704,湖北,宜昌,微信小程序,手机数码,智能手机,3517.45,1,0.1,3165.7,2469.25,696.45,已支付,是,2025-03,2025Q1
ORD202503260018,2025-03-26,C1584,广东,佛山,微信小程序,美妆个护,精华液,314.16,1,0.0,314.16,141.37,172.79,退款,否,2025-03,2025Q1
ORD202503270279,2025-03-27,C1466,湖北,宜昌,微信小程序,食品生鲜,坚果礼盒,86.05,2,0.05,163.49,106.27,57.22,已支付,否,2025-03,2025Q1
ORD202503280061,2025-03-28,C1610,广东,深圳,官网,食品生鲜,牛排套餐,198.26,1,0.0,198.26,138.78,59.48,已支付,否,2025-03,2025Q1
ORD202503290365,2025-03-29,C1372,江苏,南京,官网,美妆个护,精华液,283.93,2,0.05,539.47,242.76,296.71,已支付,否,2025-03,2025Q1
ORD202503300330,2025-03-30,C1219,浙江,宁波,京东,手机数码,无线耳机,342.44,1,0.15,291.07,189.2,101.87,已支付,是,2025-03,2025Q1
ORD202503300169,2025-03-30,C1253,上海,上海,京东,食品生鲜,坚果礼盒,100.83,1,0.05,95.79,62.26,33.53,已支付,是,2025-03,2025Q1
ORD202503310310,2025-03-31,C1504,江苏,南京,拼多多,手机数码,智能手机,3862.16,2,0.2,6179.46,4819.98,1359.48,退款,否,2025-03,2025Q1
ORD202503310333,2025-03-31,C1007,上海,上海,微信小程序,美妆个护,精华液,281.25,1,0.1,253.12,113.9,139.22,已支付,否,2025-03,2025Q1
ORD202504010473,2025-04-01,C1246,江苏,无锡,微信小程序,食品生鲜,水果礼盒,153.85,1,0.15,130.77,94.15,36.62,已支付,是,2025-04,2025Q2
ORD202504010301,2025-04-01,C1028,湖北,武汉,官网,美妆个护,面膜套装,132.58,2,0.1,238.64,119.32,119.32,退款,否,2025-04,2025Q2
ORD202504010406,2025-04-01,C1235,湖北,宜昌,天猫,服饰鞋包,连衣裙,333.73,1,0.15,283.67,147.51,136.16,已支付,否,2025-04,2025Q2
ORD202504020292,2025-04-02,C1569,上海,上海,官网,食品生鲜,水果礼盒,173.17,1,0.2,138.54,99.75,38.79,已支付,是,2025-04,2025Q2
ORD202504030214,2025-04-03,C1208,北京,北京,抖音,服饰鞋包,运动鞋,544.33,2,0.1,979.79,568.28,411.51,已支付,否,2025-04,2025Q2
ORD202504030240,2025-04-03,C1660,四川,成都,官网,手机数码,智能手机,4188.07,1,0.1,3769.26,2940.02,829.24,已支付,否,2025-04,2025Q2
ORD202504030161,2025-04-03,C1586,北京,北京,抖音,手机数码,智能手机,4349.39,1,0.05,4131.92,3222.9,909.02,已支付,否,2025-04,2025Q2
ORD202504040040,2025-04-04,C1316,上海,上海,官网,食品生鲜,坚果礼盒,93.47,2,0.1,168.25,109.36,58.89,已支付,否,2025-04,2025Q2
ORD202504040237,2025-04-04,C1744,广东,佛山,拼多多,美妆个护,洗护套装,194.21,1,0.1,174.79,96.13,78.66,已支付,是,2025-04,2025Q2
ORD202504050056,2025-04-05,C1592,浙江,温州,天猫,家用电器,电饭煲,318.59,2,0.0,637.18,446.03,191.15,已支付,否,2025-04,2025Q2
ORD202504050268,2025-04-05,C1624,江苏,南京,官网,服饰鞋包,运动鞋,520.19,2,0.0,1040.38,603.42,436.96,已支付,是,2025-04,2025Q2
ORD202504050153,2025-04-05,C1300,湖北,宜昌,抖音,手机数码,平板电脑,2931.07,1,0.2,2344.86,1758.64,586.22,已支付,是,2025-04,2025Q2
ORD202504060219,2025-04-06,C1017,广东,佛山,微信小程序,家用电器,扫地机器人,1675.41,1,0.05,1591.64,1177.81,413.83,已支付,否,2025-04,2025Q2
ORD202504060305,2025-04-06,C1447,四川,绵阳,官网,家用电器,空气炸锅,379.44,1,0.2,303.55,206.41,97.14,已支付,否,2025-04,2025Q2
ORD202504060090,2025-04-06,C1624,上海,上海,拼多多,美妆个护,洗护套装,164.54,2,0.0,329.08,180.99,148.09,已支付,是,2025-04,2025Q2
ORD202504060356,2025-04-06,C1871,湖北,宜昌,拼多多,美妆个护,面膜套装,125.16,4,0.0,500.64,250.32,250.32,已支付,否,2025-04,2025Q2
ORD202504060113,2025-04-06,C1381,浙江,温州,京东,服饰鞋包,运动鞋,437.81,1,0.05,415.92,241.23,174.69,已支付,是,2025-04,2025Q2
ORD202504070202,2025-04-07,C1541,广东,佛山,京东,家用电器,空气炸锅,417.38,1,0.0,417.38,283.82,133.56,已支付,是,2025-04,2025Q2
ORD202504070405,2025-04-07,C1929,四川,绵阳,京东,食品生鲜,坚果礼盒,103.55,2,0.05,196.74,127.88,68.86,已支付,否,2025-04,2025Q2
ORD202504070474,2025-04-07,C1610,湖北,宜昌,天猫,食品生鲜,水果礼盒,155.51,1,0.1,0.0,0.0,0.0,已取消,是,2025-04,2025Q2
ORD202504070239,2025-04-07,C1428,广东,深圳,微信小程序,家用电器,扫地机器人,1638.45,1,0.15,1392.68,1030.58,362.1,已支付,是,2025-04,2025Q2
ORD202504080036,2025-04-08,C1892,湖北,武汉,京东,服饰鞋包,运动鞋,454.03,3,0.0,1362.09,790.01,572.08,已支付,是,2025-04,2025Q2
ORD202504080317,2025-04-08,C1063,江苏,南京,京东,服饰鞋包,运动鞋,463.57,1,0.0,463.57,268.87,194.7,已支付,是,2025-04,2025Q2
ORD202504080437,2025-04-08,C1869,浙江,杭州,官网,美妆个护,精华液,326.42,1,0.05,0.0,0.0,0.0,已取消,否,2025-04,2025Q2
ORD202504080384,2025-04-08,C1383,湖北,武汉,微信小程序,服饰鞋包,连衣裙,302.61,1,0.15,257.22,133.75,123.47,已支付,否,2025-04,2025Q2
ORD202504080004,2025-04-08,C1944,广东,深圳,拼多多,食品生鲜,坚果礼盒,92.01,1,0.05,87.41,56.82,30.59,已支付,是,2025-04,2025Q2
ORD202504090421,2025-04-09,C1206,上海,上海,官网,家用电器,空气炸锅,452.35,2,0.1,814.23,553.68,260.55,已支付,否,2025-04,2025Q2
ORD202504100493,2025-04-10,C1747,湖北,武汉,拼多多,家用电器,扫地机器人,1467.36,1,0.05,1393.99,1031.55,362.44,已支付,是,2025-04,2025Q2
ORD202504100273,2025-04-10,C1017,湖北,宜昌,微信小程序,食品生鲜,坚果礼盒,104.43,2,0.2,167.09,108.61,58.48,已支付,是,2025-04,2025Q2
ORD202504100050,2025-04-10,C1913,湖北,武汉,拼多多,家用电器,扫地机器人,1587.96,3,0.0,4763.88,3525.27,1238.61,已支付,是,2025-04,2025Q2
ORD202504100102,2025-04-10,C1853,上海,上海,拼多多,家用电器,扫地机器人,1640.9,2,0.15,2789.53,2064.25,725.28,已支付,否,2025-04,2025Q2
ORD202504100133,2025-04-10,C1694,上海,上海,拼多多,家用电器,空气炸锅,433.62,1,0.0,433.62,294.86,138.76,已支付,否,2025-04,2025Q2
ORD202504110276,2025-04-11,C1946,北京,北京,拼多多,食品生鲜,坚果礼盒,97.14,3,0.0,291.42,189.42,102.0,已支付,是,2025-04,2025Q2
ORD202504120483,2025-04-12,C1440,四川,成都,抖音,家用电器,电饭煲,343.59,1,0.0,343.59,240.51,103.08,已支付,是,2025-04,2025Q2
ORD202504120401,2025-04-12,C1775,江苏,无锡,微信小程序,手机数码,平板电脑,2764.07,4,0.2,8845.02,6633.77,2211.25,已支付,是,2025-04,2025Q2
ORD202504140042,2025-04-14,C1452,北京,北京,拼多多,食品生鲜,水果礼盒,144.26,2,0.1,259.67,186.96,72.71,已支付,是,2025-04,2025Q2
ORD202504150425,2025-04-15,C1263,北京,北京,微信小程序,家用电器,空气炸锅,399.38,1,0.0,399.38,271.58,127.8,已支付,否,2025-04,2025Q2
ORD202504160497,2025-04-16,C1626,江苏,苏州,微信小程序,食品生鲜,牛排套餐,215.66,1,0.0,215.66,150.96,64.7,已支付,否,2025-04,2025Q2
ORD202504160079,2025-04-16,C1273,广东,广州,微信小程序,家用电器,扫地机器人,1657.83,1,0.05,1574.94,1165.46,409.48,已支付,是,2025-04,2025Q2
ORD202504160215,2025-04-16,C1427,广东,佛山,抖音,美妆个护,洗护套装,151.05,1,0.15,128.39,70.61,57.78,已支付,是,2025-04,2025Q2
ORD202504160500,2025-04-16,C1501,浙江,温州,官网,美妆个护,面膜套装,112.21,3,0.2,269.3,134.65,134.65,已支付,否,2025-04,2025Q2
ORD202504170494,2025-04-17,C1211,浙江,温州,官网,美妆个护,精华液,341.21,3,0.0,1023.63,460.63,563.0,已支付,是,2025-04,2025Q2
ORD202504170349,2025-04-17,C1009,上海,上海,抖音,手机数码,平板电脑,2776.54,2,0.0,5553.08,4164.81,1388.27,已支付,否,2025-04,2025Q2
ORD202504170479,2025-04-17,C1391,湖北,武汉,天猫,美妆个护,洗护套装,176.75,1,0.0,176.75,97.21,79.54,已支付,否,2025-04,2025Q2
ORD202504170377,2025-04-17,C1891,湖北,宜昌,拼多多,家用电器,空气炸锅,340.7,1,0.1,306.63,208.51,98.12,已支付,是,2025-04,2025Q2
ORD202504170083,2025-04-17,C1501,江苏,无锡,京东,食品生鲜,牛排套餐,186.04,1,0.05,0.0,0.0,0.0,已取消,否,2025-04,2025Q2
ORD202504180146,2025-04-18,C1588,四川,绵阳,京东,手机数码,智能手机,4402.92,1,0.05,4182.77,3262.56,920.21,已支付,是,2025-04,2025Q2
ORD202504180108,2025-04-18,C1226,北京,北京,微信小程序,手机数码,无线耳机,392.81,1,0.05,373.17,242.56,130.61,已支付,是,2025-04,2025Q2
ORD202504190064,2025-04-19,C1323,四川,绵阳,天猫,食品生鲜,坚果礼盒,97.63,1,0.0,97.63,63.46,34.17,已支付,是,2025-04,2025Q2
ORD202504190073,2025-04-19,C1811,广东,佛山,抖音,美妆个护,洗护套装,151.2,1,0.0,151.2,83.16,68.04,已支付,否,2025-04,2025Q2
ORD202504190374,2025-04-19,C1768,湖北,武汉,京东,家用电器,空气炸锅,342.18,1,0.1,307.96,209.41,98.55,已支付,否,2025-04,2025Q2
ORD202504190021,2025-04-19,C1100,浙江,宁波,天猫,服饰鞋包,运动鞋,555.06,1,0.15,471.8,273.64,198.16,已支付,是,2025-04,2025Q2
ORD202504190415,2025-04-19,C1263,浙江,宁波,京东,服饰鞋包,运动鞋,560.39,1,0.05,532.37,308.77,223.6,已支付,是,2025-04,2025Q2
ORD202504200266,2025-04-20,C1455,四川,成都,天猫,手机数码,智能手机,3655.19,1,0.05,3472.43,2708.5,763.93,已支付,是,2025-04,2025Q2
ORD202504210033,2025-04-21,C1215,浙江,杭州,官网,食品生鲜,水果礼盒,176.91,2,0.15,300.75,216.54,84.21,退款,是,2025-04,2025Q2
ORD202504210112,2025-04-21,C1320,上海,上海,官网,服饰鞋包,连衣裙,328.37,1,0.1,295.53,153.68,141.85,已支付,否,2025-04,2025Q2
ORD202504220089,2025-04-22,C1057,广东,佛山,抖音,手机数码,无线耳机,359.06,1,0.0,359.06,233.39,125.67,已支付,否,2025-04,2025Q2
ORD202504230462,2025-04-23,C1723,四川,成都,拼多多,手机数码,平板电脑,2889.03,2,0.0,5778.06,4333.55,1444.51,已支付,否,2025-04,2025Q2
ORD202504230074,2025-04-23,C1612,广东,深圳,天猫,食品生鲜,坚果礼盒,96.1,1,0.05,91.29,59.34,31.95,已支付,否,2025-04,2025Q2
ORD202504230269,2025-04-23,C1222,江苏,无锡,天猫,美妆个护,洗护套装,181.59,3,0.1,490.29,269.66,220.63,已支付,是,2025-04,2025Q2
ORD202504230238,2025-04-23,C1157,湖北,宜昌,官网,手机数码,无线耳机,419.71,1,0.0,419.71,272.81,146.9,已支付,否,2025-04,2025Q2
ORD202504230264,2025-04-23,C1895,上海,上海,抖音,服饰鞋包,运动鞋,573.21,3,0.15,1461.69,847.78,613.91,已支付,是,2025-04,2025Q2
ORD202504240032,2025-04-24,C1036,北京,北京,抖音,家用电器,空气炸锅,352.54,3,0.1,951.86,647.26,304.6,已支付,是,2025-04,2025Q2
ORD202504240110,2025-04-24,C1729,广东,广州,抖音,食品生鲜,坚果礼盒,88.56,1,0.1,79.7,51.81,27.89,已支付,否,2025-04,2025Q2
ORD202504240047,2025-04-24,C1253,北京,北京,官网,家用电器,扫地机器人,1789.54,2,0.05,3400.13,2516.1,884.03,已支付,否,2025-04,2025Q2
ORD202504240446,2025-04-24,C1333,四川,成都,拼多多,美妆个护,洗护套装,186.16,1,0.1,167.54,92.15,75.39,已支付,否,2025-04,2025Q2
ORD202504250402,2025-04-25,C1367,浙江,杭州,天猫,家用电器,电饭煲,313.3,4,0.1,1127.88,789.52,338.36,已支付,是,2025-04,2025Q2
ORD202504250003,2025-04-25,C1344,北京,北京,天猫,手机数码,智能手机,4236.71,1,0.0,4236.71,3304.63,932.08,退款,是,2025-04,2025Q2
ORD202504250242,2025-04-25,C1107,江苏,苏州,抖音,服饰鞋包,双肩包,265.88,1,0.0,265.88,159.53,106.35,已支付,否,2025-04,2025Q2
ORD202504250441,2025-04-25,C1950,广东,深圳,抖音,家用电器,扫地机器人,1581.61,3,0.15,4033.11,2984.5,1048.61,已支付,否,2025-04,2025Q2
ORD202504250231,2025-04-25,C1884,北京,北京,拼多多,手机数码,智能手机,3506.67,1,0.05,3331.34,2598.45,732.89,已支付,是,2025-04,2025Q2
ORD202504250063,2025-04-25,C1484,湖北,武汉,微信小程序,手机数码,无线耳机,365.68,2,0.0,731.36,475.38,255.98,已支付,否,2025-04,2025Q2
ORD202504260487,2025-04-26,C1561,上海,上海,拼多多,食品生鲜,牛排套餐,213.33,1,0.05,202.66,141.86,60.8,已支付,是,2025-04,2025Q2
ORD202504260439,2025-04-26,C1421,四川,绵阳,天猫,食品生鲜,水果礼盒,151.38,1,0.15,128.67,92.64,36.03,已支付,否,2025-04,2025Q2
ORD202504270346,2025-04-27,C1192,四川,绵阳,京东,服饰鞋包,双肩包,297.5,1,0.15,252.88,151.73,101.15,已支付,否,2025-04,2025Q2
ORD202504270261,2025-04-27,C1650,上海,上海,官网,家用电器,空气炸锅,443.16,2,0.0,0.0,0.0,0.0,已取消,否,2025-04,2025Q2
ORD202504270277,2025-04-27,C1718,北京,北京,天猫,食品生鲜,坚果礼盒,106.18,2,0.0,212.36,138.03,74.33,已支付,是,2025-04,2025Q2
ORD202504280368,2025-04-28,C1126,湖北,武汉,拼多多,食品生鲜,牛排套餐,214.35,1,0.1,192.91,135.04,57.87,已支付,否,2025-04,2025Q2
ORD202504280217,2025-04-28,C1657,浙江,温州,天猫,食品生鲜,牛排套餐,177.51,1,0.0,177.51,124.26,53.25,退款,是,2025-04,2025Q2
ORD202504290455,2025-04-29,C1073,四川,成都,微信小程序,食品生鲜,牛排套餐,219.51,3,0.0,658.53,460.97,197.56,已支付,否,2025-04,2025Q2
ORD202504290340,2025-04-29,C1910,湖北,武汉,京东,服饰鞋包,运动鞋,553.85,1,0.15,470.77,273.05,197.72,已支付,是,2025-04,2025Q2
ORD202504290128,2025-04-29,C1154,湖北,宜昌,拼多多,家用电器,电饭煲,311.14,1,0.15,264.47,185.13,79.34,已支付,是,2025-04,2025Q2
ORD202504300060,2025-04-30,C1475,上海,上海,微信小程序,食品生鲜,牛排套餐,218.74,1,0.15,185.93,130.15,55.78,已支付,否,2025-04,2025Q2
ORD202505010129,2025-05-01,C1058,上海,上海,抖音,食品生鲜,坚果礼盒,85.82,1,0.0,85.82,55.78,30.04,已支付,否,2025-05,2025Q2
ORD202505010077,2025-05-01,C1295,江苏,苏州,官网,食品生鲜,水果礼盒,166.06,2,0.0,332.12,239.13,92.99,已支付,否,2025-05,2025Q2
ORD202505020316,2025-05-02,C1396,湖北,武汉,京东,食品生鲜,水果礼盒,156.62,3,0.0,469.86,338.3,131.56,已支付,否,2025-05,2025Q2
ORD202505030212,2025-05-03,C1772,浙江,宁波,拼多多,食品生鲜,牛排套餐,181.79,1,0.1,163.61,114.53,49.08,已支付,是,2025-05,2025Q2
ORD202505040408,2025-05-04,C1130,四川,绵阳,微信小程序,服饰鞋包,运动鞋,512.59,1,0.05,486.96,282.44,204.52,已支付,是,2025-05,2025Q2
ORD202505040359,2025-05-04,C1694,上海,上海,微信小程序,服饰鞋包,连衣裙,258.27,1,0.0,258.27,134.3,123.97,已支付,是,2025-05,2025Q2
ORD202505040427,2025-05-04,C1323,广东,深圳,拼多多,手机数码,无线耳机,415.0,4,0.1,1494.0,971.1,522.9,已支付,否,2025-05,2025Q2
ORD202505040082,2025-05-04,C1139,上海,上海,天猫,服饰鞋包,双肩包,231.39,1,0.05,219.82,131.89,87.93,已支付,否,2025-05,2025Q2
ORD202505050051,2025-05-05,C1169,浙江,宁波,拼多多,服饰鞋包,连衣裙,256.75,1,0.1,231.08,120.16,110.92,已支付,是,2025-05,2025Q2
ORD202505050438,2025-05-05,C1260,江苏,苏州,拼多多,家用电器,电饭煲,258.43,1,0.0,258.43,180.9,77.53,已支付,是,2025-05,2025Q2
ORD202505050403,2025-05-05,C1397,浙江,杭州,拼多多,食品生鲜,水果礼盒,145.39,2,0.05,276.24,198.89,77.35,已支付,否,2025-05,2025Q2
ORD202505050385,2025-05-05,C1550,广东,深圳,微信小程序,美妆个护,精华液,300.25,3,0.0,900.75,405.34,495.41,退款,是,2025-05,2025Q2
ORD202505060381,2025-05-06,C1517,湖北,宜昌,京东,手机数码,平板电脑,2835.13,1,0.0,2835.13,2126.35,708.78,已支付,否,2025-05,2025Q2
ORD202505070086,2025-05-07,C1932,广东,广州,拼多多,家用电器,电饭煲,283.93,1,0.15,241.34,168.94,72.4,已支付,是,2025-05,2025Q2
ORD202505080278,2025-05-08,C1750,江苏,无锡,天猫,家用电器,电饭煲,277.4,1,0.1,249.66,174.76,74.9,已支付,是,2025-05,2025Q2
ORD202505080091,2025-05-08,C1476,北京,北京,抖音,美妆个护,精华液,311.37,1,0.1,280.23,126.1,154.13,退款,是,2025-05,2025Q2
ORD202505090373,2025-05-09,C1690,北京,北京,官网,手机数码,无线耳机,406.45,1,0.15,345.48,224.56,120.92,已支付,否,2025-05,2025Q2
ORD202505090227,2025-05-09,C1977,四川,绵阳,微信小程序,手机数码,智能手机,3923.52,2,0.0,7847.04,6120.69,1726.35,已支付,否,2025-05,2025Q2
ORD202505100132,2025-05-10,C1372,四川,成都,抖音,手机数码,智能手机,4248.08,4,0.05,16142.7,12591.31,3551.39,已支付,否,2025-05,2025Q2
ORD202505100013,2025-05-10,C1976,广东,佛山,微信小程序,食品生鲜,坚果礼盒,99.23,1,0.05,94.27,61.28,32.99,已支付,是,2025-05,2025Q2
ORD202505100399,2025-05-10,C1556,四川,成都,微信小程序,家用电器,电饭煲,290.49,1,0.15,246.92,172.84,74.08,已支付,否,2025-05,2025Q2
ORD202505100338,2025-05-10,C1572,江苏,南京,京东,家用电器,空气炸锅,374.32,1,0.1,336.89,229.09,107.8,已支付,否,2025-05,2025Q2
ORD202505110250,2025-05-11,C1941,上海,上海,官网,家用电器,空气炸锅,407.95,1,0.05,387.55,263.53,124.02,已支付,是,2025-05,2025Q2
ORD202505110126,2025-05-11,C1660,四川,成都,京东,家用电器,电饭煲,271.54,2,0.05,515.93,361.15,154.78,退款,是,2025-05,2025Q2
ORD202505110043,2025-05-11,C1769,上海,上海,京东,手机数码,无线耳机,400.85,1,0.0,400.85,260.55,140.3,已支付,否,2025-05,2025Q2
ORD202505130327,2025-05-13,C1799,湖北,宜昌,微信小程序,手机数码,平板电脑,3261.25,1,0.1,2935.12,2201.34,733.78,已支付,是,2025-05,2025Q2
ORD202505130428,2025-05-13,C1567,北京,北京,京东,食品生鲜,牛排套餐,186.3,1,0.1,167.67,117.37,50.3,已支付,否,2025-05,2025Q2
ORD202505140414,2025-05-14,C1390,上海,上海,抖音,手机数码,平板电脑,3025.83,1,0.15,2571.96,1928.97,642.99,已支付,是,2025-05,2025Q2
ORD202505140048,2025-05-14,C1553,上海,上海,天猫,食品生鲜,水果礼盒,137.97,1,0.0,137.97,99.34,38.63,已支付,是,2025-05,2025Q2
ORD202505150121,2025-05-15,C1216,四川,绵阳,京东,手机数码,智能手机,3873.35,1,0.0,3873.35,3021.21,852.14,已支付,否,2025-05,2025Q2
ORD202505150480,2025-05-15,C1749,广东,深圳,拼多多,家用电器,电饭煲,267.57,1,0.0,267.57,187.3,80.27,已支付,否,2025-05,2025Q2
ORD202505150445,2025-05-15,C1234,湖北,武汉,京东,手机数码,无线耳机,413.14,1,0.15,351.17,228.26,122.91,已支付,否,2025-05,2025Q2
ORD202505150433,2025-05-15,C1468,湖北,宜昌,天猫,服饰鞋包,双肩包,222.68,1,0.15,189.28,113.57,75.71,已支付,否,2025-05,2025Q2
ORD202505150148,2025-05-15,C1365,北京,北京,天猫,服饰鞋包,连衣裙,258.06,1,0.05,245.16,127.48,117.68,已支付,否,2025-05,2025Q2
ORD202505150448,2025-05-15,C1266,四川,绵阳,京东,食品生鲜,水果礼盒,159.88,2,0.05,303.77,218.71,85.06,已支付,否,2025-05,2025Q2
ORD202505160470,2025-05-16,C1236,广东,佛山,微信小程序,手机数码,无线耳机,348.48,1,0.05,331.06,215.19,115.87,已支付,否,2025-05,2025Q2
ORD202505160197,2025-05-16,C1549,四川,绵阳,京东,手机数码,平板电脑,2650.1,2,0.15,4505.17,3378.88,1126.29,已支付,是,2025-05,2025Q2
ORD202505170182,2025-05-17,C1624,江苏,无锡,拼多多,食品生鲜,坚果礼盒,107.08,2,0.1,192.74,125.28,67.46,已支付,是,2025-05,2025Q2
ORD202505180084,2025-05-18,C1714,上海,上海,京东,食品生鲜,坚果礼盒,106.81,1,0.15,90.79,59.01,31.78,已支付,否,2025-05,2025Q2
ORD202505180319,2025-05-18,C1514,四川,绵阳,微信小程序,家用电器,空气炸锅,396.16,1,0.15,336.74,228.98,107.76,已支付,是,2025-05,2025Q2
ORD202505180220,2025-05-18,C1098,江苏,南京,微信小程序,家用电器,电饭煲,314.61,2,0.15,534.84,374.39,160.45,已支付,是,2025-05,2025Q2
ORD202505190463,2025-05-19,C1851,四川,绵阳,微信小程序,美妆个护,洗护套装,153.11,1,0.1,137.8,75.79,62.01,已支付,是,2025-05,2025Q2
ORD202505190206,2025-05-19,C1591,浙江,杭州,微信小程序,美妆个护,洗护套装,194.02,1,0.15,164.92,90.71,74.21,已支付,否,2025-05,2025Q2
ORD202505190447,2025-05-19,C1646,江苏,无锡,官网,服饰鞋包,运动鞋,569.29,2,0.0,1138.58,660.38,478.2,已支付,否,2025-05,2025Q2
ORD202505200029,2025-05-20,C1106,四川,绵阳,京东,家用电器,电饭煲,301.6,2,0.05,573.04,401.13,171.91,退款,否,2025-05,2025Q2
ORD202505200311,2025-05-20,C1866,上海,上海,天猫,服饰鞋包,双肩包,270.73,2,0.0,541.46,324.88,216.58,已支付,否,2025-05,2025Q2
ORD202505200391,2025-05-20,C1382,江苏,无锡,天猫,美妆个护,精华液,314.9,3,0.1,850.23,382.6,467.63,已支付,是,2025-05,2025Q2
ORD202505200285,2025-05-20,C1710,湖北,武汉,天猫,美妆个护,面膜套装,145.73,1,0.05,138.44,69.22,69.22,已支付,否,2025-05,2025Q2
ORD202505200255,2025-05-20,C1460,浙江,宁波,抖音,手机数码,平板电脑,3295.96,2,0.0,0.0,0.0,0.0,已取消,否,2025-05,2025Q2
ORD202505200382,2025-05-20,C1223,北京,北京,微信小程序,手机数码,无线耳机,365.63,1,0.0,365.63,237.66,127.97,已支付,否,2025-05,2025Q2
ORD202505210482,2025-05-21,C1572,上海,上海,京东,手机数码,无线耳机,399.22,2,0.0,798.44,518.99,279.45,已支付,否,2025-05,2025Q2
ORD202505210254,2025-05-21,C1774,北京,北京,天猫,家用电器,空气炸锅,371.22,1,0.2,296.98,201.95,95.03,已支付,否,2025-05,2025Q2
ORD202505210078,2025-05-21,C1844,广东,深圳,天猫,手机数码,无线耳机,369.36,1,0.1,332.42,216.07,116.35,已支付,否,2025-05,2025Q2
ORD202505210394,2025-05-21,C1338,上海,上海,抖音,食品生鲜,坚果礼盒,86.15,1,0.1,77.54,50.4,27.14,已支付,是,2025-05,2025Q2
ORD202505210458,2025-05-21,C1223,北京,北京,天猫,食品生鲜,水果礼盒,164.57,1,0.15,139.88,100.71,39.17,已支付,是,2025-05,2025Q2
ORD202505220372,2025-05-22,C1727,四川,成都,官网,美妆个护,面膜套装,133.81,1,0.0,133.81,66.91,66.9,已支付,是,2025-05,2025Q2
ORD202505220466,2025-05-22,C1044,浙江,温州,京东,食品生鲜,水果礼盒,153.72,1,0.0,153.72,110.68,43.04,已支付,是,2025-05,2025Q2
ORD202505220174,2025-05-22,C1625,江苏,南京,天猫,服饰鞋包,双肩包,255.14,1,0.15,216.87,130.12,86.75,已支付,是,2025-05,2025Q2
ORD202505220418,2025-05-22,C1792,湖北,宜昌,官网,美妆个护,精华液,304.3,1,0.2,243.44,109.55,133.89,已支付,否,2025-05,2025Q2
ORD202505220162,2025-05-22,C1787,浙江,温州,拼多多,手机数码,智能手机,3770.21,4,0.1,13572.76,10586.75,2986.01,已支付,是,2025-05,2025Q2
ORD202505220005,2025-05-22,C1296,江苏,无锡,天猫,家用电器,扫地机器人,1636.11,2,0.0,3272.22,2421.44,850.78,已支付,是,2025-05,2025Q2
ORD202505230210,2025-05-23,C1379,北京,北京,天猫,服饰鞋包,运动鞋,462.32,1,0.0,462.32,268.15,194.17,已支付,是,2025-05,2025Q2
ORD202505230208,2025-05-23,C1152,上海,上海,抖音,食品生鲜,坚果礼盒,104.09,2,0.0,208.18,135.32,72.86,已支付,否,2025-05,2025Q2
ORD202505230062,2025-05-23,C1487,广东,佛山,官网,美妆个护,面膜套装,118.99,1,0.05,113.04,56.52,56.52,已支付,否,2025-05,2025Q2
ORD202505230364,2025-05-23,C1670,北京,北京,官网,手机数码,平板电脑,3415.72,1,0.15,2903.36,2177.52,725.84,已支付,否,2025-05,2025Q2
ORD202505230251,2025-05-23,C1974,浙江,宁波,天猫,食品生鲜,牛排套餐,180.32,2,0.1,324.58,227.21,97.37,已支付,否,2025-05,2025Q2
ORD202505240186,2025-05-24,C1543,四川,绵阳,京东,美妆个护,面膜套装,133.48,1,0.0,133.48,66.74,66.74,已支付,是,2025-05,2025Q2
ORD202505240383,2025-05-24,C1249,湖北,武汉,天猫,手机数码,平板电脑,2860.45,1,0.1,2574.4,1930.8,643.6,退款,否,2025-05,2025Q2
ORD202505240424,2025-05-24,C1004,北京,北京,抖音,食品生鲜,水果礼盒,145.03,4,0.05,551.11,396.8,154.31,已支付,是,2025-05,2025Q2
ORD202505240334,2025-05-24,C1882,四川,绵阳,抖音,食品生鲜,坚果礼盒,87.36,1,0.2,69.89,45.43,24.46,已支付,否,2025-05,2025Q2
ORD202505250263,2025-05-25,C1016,湖北,宜昌,天猫,食品生鲜,坚果礼盒,106.79,1,0.1,96.11,62.47,33.64,已支付,是,2025-05,2025Q2
ORD202505250226,2025-05-25,C1705,浙江,温州,官网,服饰鞋包,双肩包,289.81,1,0.1,260.83,156.5,104.33,已支付,是,2025-05,2025Q2
ORD202505250058,2025-05-25,C1869,湖北,武汉,拼多多,食品生鲜,坚果礼盒,96.87,1,0.05,92.03,59.82,32.21,已支付,否,2025-05,2025Q2
ORD202505260358,2025-05-26,C1858,四川,绵阳,官网,美妆个护,洗护套装,162.9,1,0.0,162.9,89.6,73.3,已支付,是,2025-05,2025Q2
ORD202505260119,2025-05-26,C1677,北京,北京,拼多多,手机数码,智能手机,3587.99,1,0.1,3229.19,2518.77,710.42,已支付,否,2025-05,2025Q2
ORD202505260302,2025-05-26,C1179,北京,北京,拼多多,家用电器,空气炸锅,439.3,2,0.2,702.88,477.96,224.92,已支付,是,2025-05,2025Q2
ORD202505270477,2025-05-27,C1719,上海,上海,微信小程序,手机数码,平板电脑,2841.28,1,0.05,2699.22,2024.41,674.81,退款,是,2025-05,2025Q2
ORD202505270363,2025-05-27,C1413,上海,上海,拼多多,服饰鞋包,连衣裙,282.5,4,0.1,1017.0,528.84,488.16,已支付,是,2025-05,2025Q2
ORD202505270131,2025-05-27,C1920,四川,成都,抖音,食品生鲜,坚果礼盒,98.28,1,0.0,98.28,63.88,34.4,已支付,是,2025-05,2025Q2
ORD202505270258,2025-05-27,C1887,江苏,无锡,官网,手机数码,智能手机,4554.19,2,0.15,0.0,0.0,0.0,已取消,是,2025-05,2025Q2
ORD202505270167,2025-05-27,C1826,上海,上海,官网,服饰鞋包,双肩包,262.54,1,0.0,262.54,157.52,105.02,已支付,否,2025-05,2025Q2
ORD202505280388,2025-05-28,C1689,湖北,武汉,天猫,食品生鲜,水果礼盒,152.69,1,0.05,145.06,104.44,40.62,已支付,是,2025-05,2025Q2
ORD202505280076,2025-05-28,C1650,广东,广州,拼多多,服饰鞋包,双肩包,270.77,3,0.0,812.31,487.39,324.92,已支付,是,2025-05,2025Q2
ORD202505280432,2025-05-28,C1590,湖北,宜昌,京东,服饰鞋包,运动鞋,571.51,3,0.0,1714.53,994.43,720.1,已支付,是,2025-05,2025Q2
ORD202505280057,2025-05-28,C1713,四川,绵阳,抖音,服饰鞋包,双肩包,235.56,1,0.15,200.23,120.14,80.09,已支付,是,2025-05,2025Q2
ORD202505290495,2025-05-29,C1930,北京,北京,京东,美妆个护,精华液,315.91,3,0.15,805.57,362.51,443.06,已支付,是,2025-05,2025Q2
ORD202505290026,2025-05-29,C1209,北京,北京,官网,家用电器,空气炸锅,389.33,1,0.05,369.86,251.5,118.36,退款,否,2025-05,2025Q2
ORD202505300010,2025-05-30,C1642,上海,上海,京东,美妆个护,面膜套装,129.37,1,0.0,129.37,64.69,64.68,已支付,否,2025-05,2025Q2
ORD202505300411,2025-05-30,C1610,湖北,武汉,微信小程序,家用电器,电饭煲,299.97,1,0.1,269.97,188.98,80.99,退款,是,2025-05,2025Q2
ORD202505300337,2025-05-30,C1963,四川,成都,官网,食品生鲜,坚果礼盒,105.34,2,0.1,189.61,123.25,66.36,已支付,否,2025-05,2025Q2
ORD202505300300,2025-05-30,C1057,浙江,杭州,京东,手机数码,智能手机,4187.19,1,0.15,3559.11,2776.11,783.0,退款,否,2025-05,2025Q2
ORD202505310114,2025-05-31,C1738,北京,北京,天猫,手机数码,无线耳机,381.48,2,0.1,686.66,446.33,240.33,已支付,否,2025-05,2025Q2
ORD202505310070,2025-05-31,C1640,上海,上海,京东,家用电器,电饭煲,259.55,4,0.0,1038.2,726.74,311.46,已支付,否,2025-05,2025Q2
ORD202506020313,2025-06-02,C1103,北京,北京,抖音,手机数码,无线耳机,451.96,1,0.15,384.17,249.71,134.46,已支付,是,2025-06,2025Q2
ORD202506020481,2025-06-02,C1585,北京,北京,官网,美妆个护,精华液,280.14,1,0.0,280.14,126.06,154.08,已支付,是,2025-06,2025Q2
ORD202506020111,2025-06-02,C1666,北京,北京,微信小程序,服饰鞋包,双肩包,267.19,1,0.1,240.47,144.28,96.19,已支付,是,2025-06,2025Q2
ORD202506020478,2025-06-02,C1342,四川,绵阳,抖音,手机数码,平板电脑,3276.41,1,0.1,2948.77,2211.58,737.19,退款,否,2025-06,2025Q2
ORD202506020011,2025-06-02,C1011,广东,深圳,官网,服饰鞋包,双肩包,297.55,1,0.2,238.04,142.82,95.22,已支付,是,2025-06,2025Q2
ORD202506030115,2025-06-03,C1358,江苏,苏州,微信小程序,手机数码,平板电脑,3005.67,1,0.05,2855.39,2141.54,713.85,已支付,否,2025-06,2025Q2
ORD202506030014,2025-06-03,C1059,江苏,苏州,京东,手机数码,智能手机,4513.79,3,0.15,11510.16,8977.92,2532.24,已支付,是,2025-06,2025Q2
ORD202506030332,2025-06-03,C1281,湖北,武汉,拼多多,美妆个护,精华液,308.72,3,0.1,833.54,375.09,458.45,已支付,否,2025-06,2025Q2
ORD202506040141,2025-06-04,C1528,浙江,宁波,天猫,手机数码,平板电脑,2981.54,1,0.15,2534.31,1900.73,633.58,已支付,否,2025-06,2025Q2
ORD202506050120,2025-06-05,C1694,上海,上海,微信小程序,食品生鲜,牛排套餐,214.22,1,0.05,203.51,142.46,61.05,已支付,否,2025-06,2025Q2
ORD202506050156,2025-06-05,C1580,四川,绵阳,天猫,手机数码,智能手机,3479.81,2,0.05,6611.64,5157.08,1454.56,已支付,是,2025-06,2025Q2
ORD202506050117,2025-06-05,C1185,四川,绵阳,京东,手机数码,智能手机,3726.99,2,0.15,6335.88,4941.99,1393.89,已支付,否,2025-06,2025Q2
ORD202506050039,2025-06-05,C1825,北京,北京,微信小程序,服饰鞋包,双肩包,234.92,1,0.05,223.17,133.9,89.27,已支付,是,2025-06,2025Q2
ORD202506050007,2025-06-05,C1704,四川,成都,微信小程序,家用电器,电饭煲,276.11,1,0.0,276.11,193.28,82.83,退款,是,2025-06,2025Q2
ORD202506050498,2025-06-05,C1137,北京,北京,微信小程序,家用电器,空气炸锅,366.79,1,0.0,366.79,249.42,117.37,已支付,否,2025-06,2025Q2
ORD202506050390,2025-06-05,C1139,广东,深圳,官网,服饰鞋包,连衣裙,289.59,2,0.05,550.22,286.11,264.11,已支付,否,2025-06,2025Q2
ORD202506060159,2025-06-06,C1455,江苏,无锡,天猫,服饰鞋包,运动鞋,442.51,2,0.05,840.77,487.65,353.12,退款,否,2025-06,2025Q2
ORD202506070257,2025-06-07,C1720,浙江,杭州,抖音,美妆个护,面膜套装,131.71,1,0.05,125.12,62.56,62.56,已支付,否,2025-06,2025Q2
ORD202506070155,2025-06-07,C1163,上海,上海,天猫,手机数码,智能手机,4204.37,1,0.05,3994.15,3115.44,878.71,已支付,是,2025-06,2025Q2
ORD202506070485,2025-06-07,C1159,湖北,宜昌,官网,家用电器,空气炸锅,391.87,3,0.0,1175.61,799.41,376.2,已支付,是,2025-06,2025Q2
ORD202506090052,2025-06-09,C1472,北京,北京,京东,服饰鞋包,双肩包,264.0,1,0.1,237.6,142.56,95.04,已支付,是,2025-06,2025Q2
ORD202506100260,2025-06-10,C1284,上海,上海,官网,服饰鞋包,运动鞋,519.0,3,0.0,1557.0,903.06,653.94,已支付,否,2025-06,2025Q2
ORD202506100386,2025-06-10,C1999,广东,广州,官网,美妆个护,洗护套装,165.16,1,0.05,156.9,86.3,70.6,已支付,否,2025-06,2025Q2
ORD202506100321,2025-06-10,C1406,浙江,温州,微信小程序,食品生鲜,水果礼盒,177.47,3,0.0,532.41,383.34,149.07,已支付,否,2025-06,2025Q2
ORD202506110442,2025-06-11,C1273,北京,北京,微信小程序,手机数码,智能手机,3593.5,1,0.0,3593.5,2802.93,790.57,已支付,否,2025-06,2025Q2
ORD202506110298,2025-06-11,C1514,湖北,武汉,抖音,服饰鞋包,双肩包,248.05,1,0.05,235.65,141.39,94.26,退款,否,2025-06,2025Q2
ORD202506120095,2025-06-12,C1099,浙江,温州,官网,食品生鲜,坚果礼盒,106.59,2,0.1,191.86,124.71,67.15,已支付,是,2025-06,2025Q2
ORD202506120329,2025-06-12,C1600,广东,佛山,微信小程序,手机数码,智能手机,3846.0,1,0.0,3846.0,2999.88,846.12,已支付,否,2025-06,2025Q2
ORD202506120459,2025-06-12,C1992,上海,上海,天猫,手机数码,智能手机,4352.18,1,0.05,4134.57,3224.96,909.61,已支付,否,2025-06,2025Q2
ORD202506120378,2025-06-12,C1459,四川,绵阳,京东,家用电器,电饭煲,320.39,1,0.1,288.35,201.84,86.51,已支付,是,2025-06,2025Q2
ORD202506130469,2025-06-13,C1843,广东,深圳,微信小程序,家用电器,电饭煲,338.31,1,0.05,321.39,224.97,96.42,已支付,否,2025-06,2025Q2
ORD202506130067,2025-06-13,C1052,湖北,宜昌,抖音,手机数码,智能手机,4087.85,1,0.05,3883.46,3029.1,854.36,已支付,否,2025-06,2025Q2
ORD202506130001,2025-06-13,C1089,广东,广州,微信小程序,食品生鲜,牛排套餐,182.48,2,0.1,328.46,229.92,98.54,退款,否,2025-06,2025Q2
ORD202506130348,2025-06-13,C1049,江苏,无锡,官网,家用电器,空气炸锅,410.24,1,0.0,410.24,278.96,131.28,已支付,是,2025-06,2025Q2
ORD202506130288,2025-06-13,C1267,湖北,宜昌,抖音,手机数码,平板电脑,3060.02,1,0.2,2448.02,1836.01,612.01,已支付,否,2025-06,2025Q2
ORD202506130246,2025-06-13,C1004,四川,绵阳,官网,服饰鞋包,运动鞋,534.54,3,0.05,1523.44,883.6,639.84,已支付,是,2025-06,2025Q2
ORD202506130195,2025-06-13,C1620,江苏,苏州,抖音,家用电器,空气炸锅,365.38,1,0.0,365.38,248.46,116.92,已支付,否,2025-06,2025Q2
ORD202506140389,2025-06-14,C1805,四川,成都,官网,家用电器,空气炸锅,423.05,1,0.15,359.59,244.52,115.07,已支付,否,2025-06,2025Q2
ORD202506150297,2025-06-15,C1658,江苏,苏州,微信小程序,服饰鞋包,双肩包,257.37,1,0.05,244.5,146.7,97.8,已支付,是,2025-06,2025Q2
ORD202506150376,2025-06-15,C1948,北京,北京,拼多多,美妆个护,洗护套装,183.41,2,0.0,366.82,201.75,165.07,已支付,否,2025-06,2025Q2
ORD202506150136,2025-06-15,C1784,四川,绵阳,拼多多,家用电器,扫地机器人,1367.9,1,0.2,1094.32,809.8,284.52,已支付,是,2025-06,2025Q2
ORD202506150387,2025-06-15,C1813,湖北,武汉,抖音,美妆个护,面膜套装,127.42,1,0.0,127.42,63.71,63.71,已支付,是,2025-06,2025Q2
ORD202506160499,2025-06-16,C1992,江苏,南京,天猫,服饰鞋包,连衣裙,296.65,1,0.0,296.65,154.26,142.39,已支付,否,2025-06,2025Q2
ORD202506160306,2025-06-16,C1834,江苏,南京,京东,家用电器,电饭煲,333.95,1,0.05,317.25,222.07,95.18,已支付,否,2025-06,2025Q2
ORD202506160490,2025-06-16,C1544,上海,上海,天猫,服饰鞋包,双肩包,296.03,1,0.0,296.03,177.62,118.41,已支付,是,2025-06,2025Q2
ORD202506160357,2025-06-16,C1426,湖北,武汉,微信小程序,手机数码,智能手机,4234.34,1,0.15,3599.19,2807.37,791.82,已支付,否,2025-06,2025Q2
ORD202506160417,2025-06-16,C1773,北京,北京,京东,食品生鲜,坚果礼盒,96.73,1,0.0,96.73,62.87,33.86,已支付,否,2025-06,2025Q2
ORD202506170335,2025-06-17,C1829,四川,绵阳,微信小程序,美妆个护,面膜套装,129.67,1,0.0,129.67,64.83,64.84,已支付,否,2025-06,2025Q2
ORD202506170339,2025-06-17,C1266,广东,广州,微信小程序,食品生鲜,牛排套餐,213.58,1,0.1,192.22,134.55,57.67,已支付,否,2025-06,2025Q2
ORD202506170400,2025-06-17,C1475,湖北,武汉,微信小程序,食品生鲜,水果礼盒,144.88,2,0.1,260.78,187.76,73.02,已支付,是,2025-06,2025Q2
ORD202506170265,2025-06-17,C1743,江苏,苏州,官网,手机数码,无线耳机,418.69,1,0.0,418.69,272.15,146.54,已支付,是,2025-06,2025Q2
ORD202506170179,2025-06-17,C1389,湖北,武汉,京东,手机数码,平板电脑,2981.41,1,0.1,2683.27,2012.45,670.82,已支付,是,2025-06,2025Q2
ORD202506170188,2025-06-17,C1587,上海,上海,京东,美妆个护,精华液,282.96,1,0.15,240.52,108.23,132.29,已支付,是,2025-06,2025Q2
ORD202506180109,2025-06-18,C1702,北京,北京,天猫,服饰鞋包,双肩包,295.05,1,0.05,280.3,168.18,112.12,已支付,否,2025-06,2025Q2
ORD202506180369,2025-06-18,C1494,北京,北京,微信小程序,服饰鞋包,运动鞋,503.55,1,0.15,428.02,248.25,179.77,已支付,是,2025-06,2025Q2
ORD202506190336,2025-06-19,C1414,江苏,无锡,拼多多,美妆个护,洗护套装,144.94,1,0.0,144.94,79.72,65.22,退款,是,2025-06,2025Q2
ORD202506190350,2025-06-19,C1523,广东,佛山,官网,家用电器,扫地机器人,1657.91,2,0.05,3150.03,2331.02,819.01,退款,是,2025-06,2025Q2
ORD202506190410,2025-06-19,C1850,湖北,宜昌,拼多多,手机数码,智能手机,3938.06,4,0.15,13389.4,10443.73,2945.67,已支付,是,2025-06,2025Q2
ORD202506190138,2025-06-19,C1828,江苏,无锡,京东,美妆个护,洗护套装,162.75,1,0.15,138.34,76.09,62.25,已支付,否,2025-06,2025Q2
ORD202506190107,2025-06-19,C1271,湖北,武汉,天猫,美妆个护,面膜套装,123.51,2,0.05,234.67,117.33,117.34,已支付,是,2025-06,2025Q2
ORD202506190071,2025-06-19,C1481,广东,广州,抖音,美妆个护,面膜套装,131.01,1,0.05,124.46,62.23,62.23,已支付,是,2025-06,2025Q2
ORD202506200160,2025-06-20,C1949,江苏,无锡,官网,手机数码,平板电脑,3036.94,3,0.15,7744.2,5808.15,1936.05,已支付,是,2025-06,2025Q2
ORD202506200034,2025-06-20,C1166,广东,深圳,京东,家用电器,扫地机器人,1826.3,2,0.15,3104.71,2297.49,807.22,已支付,否,2025-06,2025Q2
ORD202506210248,2025-06-21,C1360,湖北,宜昌,拼多多,家用电器,电饭煲,282.26,1,0.05,268.15,187.7,80.45,已支付,是,2025-06,2025Q2
ORD202506210395,2025-06-21,C1631,四川,成都,官网,手机数码,无线耳机,413.31,3,0.0,1239.93,805.95,433.98,已支付,否,2025-06,2025Q2
ORD202506210360,2025-06-21,C1493,湖北,宜昌,抖音,家用电器,电饭煲,315.89,1,0.05,300.1,210.07,90.03,已支付,否,2025-06,2025Q2
ORD202506220249,2025-06-22,C1187,四川,绵阳,抖音,家用电器,电饭煲,261.75,1,0.0,261.75,183.22,78.53,已支付,是,2025-06,2025Q2
ORD202506220472,2025-06-22,C1546,上海,上海,微信小程序,手机数码,智能手机,4349.87,1,0.05,4132.38,3223.26,909.12,已支付,否,2025-06,2025Q2
ORD202506220020,2025-06-22,C1549,四川,成都,拼多多,手机数码,无线耳机,426.32,2,0.0,852.64,554.22,298.42,已支付,是,2025-06,2025Q2
ORD202506230157,2025-06-23,C1665,上海,上海,抖音,食品生鲜,水果礼盒,170.47,1,0.05,161.95,116.6,45.35,已支付,是,2025-06,2025Q2
ORD202506230331,2025-06-23,C1933,浙江,宁波,京东,服饰鞋包,双肩包,221.71,2,0.1,399.08,239.45,159.63,已支付,是,2025-06,2025Q2
ORD202506230431,2025-06-23,C1635,四川,绵阳,抖音,家用电器,空气炸锅,430.63,1,0.0,430.63,292.83,137.8,已支付,否,2025-06,2025Q2
ORD202506230440,2025-06-23,C1332,北京,北京,官网,家用电器,电饭煲,312.44,1,0.2,249.95,174.96,74.99,已支付,否,2025-06,2025Q2
ORD202506240341,2025-06-24,C1583,上海,上海,拼多多,服饰鞋包,运动鞋,554.52,1,0.2,443.62,257.3,186.32,已支付,是,2025-06,2025Q2
ORD202506240012,2025-06-24,C1736,北京,北京,抖音,食品生鲜,牛排套餐,186.67,1,0.0,186.67,130.67,56.0,已支付,是,2025-06,2025Q2
ORD202506240375,2025-06-24,C1463,江苏,南京,天猫,手机数码,平板电脑,3254.84,1,0.05,3092.1,2319.07,773.03,已支付,是,2025-06,2025Q2
ORD202506250008,2025-06-25,C1580,江苏,南京,官网,美妆个护,面膜套装,140.81,1,0.0,140.81,70.41,70.4,退款,否,2025-06,2025Q2
ORD202506250294,2025-06-25,C1924,四川,成都,官网,家用电器,电饭煲,277.37,2,0.0,554.74,388.32,166.42,已支付,否,2025-06,2025Q2
ORD202506260460,2025-06-26,C1992,北京,北京,官网,食品生鲜,牛排套餐,184.0,1,0.1,165.6,115.92,49.68,已支付,是,2025-06,2025Q2
ORD202506270426,2025-06-27,C1471,上海,上海,微信小程序,家用电器,扫地机器人,1728.5,2,0.2,2765.6,2046.54,719.06,已支付,是,2025-06,2025Q2
ORD202506270488,2025-06-27,C1205,四川,成都,官网,服饰鞋包,双肩包,290.55,1,0.0,290.55,174.33,116.22,已支付,否,2025-06,2025Q2
ORD202506270194,2025-06-27,C1720,浙江,杭州,抖音,手机数码,无线耳机,375.87,1,0.05,357.08,232.1,124.98,退款,是,2025-06,2025Q2
ORD202506270396,2025-06-27,C1252,北京,北京,京东,家用电器,电饭煲,286.85,1,0.05,272.51,190.76,81.75,已支付,否,2025-06,2025Q2
ORD202506270370,2025-06-27,C1393,北京,北京,拼多多,美妆个护,面膜套装,124.64,1,0.15,105.94,52.97,52.97,已支付,是,2025-06,2025Q2
ORD202506280213,2025-06-28,C1367,北京,北京,抖音,服饰鞋包,运动鞋,506.8,2,0.05,962.92,558.49,404.43,已支付,否,2025-06,2025Q2
ORD202506280267,2025-06-28,C1104,江苏,南京,天猫,服饰鞋包,双肩包,230.42,1,0.05,218.9,131.34,87.56,已支付,否,2025-06,2025Q2
ORD202506280222,2025-06-28,C1386,浙江,宁波,微信小程序,手机数码,平板电脑,3441.36,1,0.0,3441.36,2581.02,860.34,已支付,否,2025-06,2025Q2
ORD202506280150,2025-06-28,C1810,上海,上海,京东,美妆个护,面膜套装,137.36,3,0.0,412.08,206.04,206.04,已支付,是,2025-06,2025Q2
ORD202506280244,2025-06-28,C1111,上海,上海,官网,手机数码,无线耳机,344.5,2,0.0,689.0,447.85,241.15,已支付,是,2025-06,2025Q2
ORD202506280045,2025-06-28,C1906,上海,上海,天猫,服饰鞋包,运动鞋,446.24,2,0.15,758.61,439.99,318.62,已支付,否,2025-06,2025Q2
ORD202506290275,2025-06-29,C1208,上海,上海,京东,家用电器,电饭煲,309.41,1,0.0,309.41,216.59,92.82,已支付,否,2025-06,2025Q2
ORD202506290196,2025-06-29,C1806,北京,北京,天猫,家用电器,电饭煲,328.21,2,0.1,590.78,413.55,177.23,已支付,否,2025-06,2025Q2
ORD202506290259,2025-06-29,C1501,湖北,武汉,京东,美妆个护,面膜套装,137.18,2,0.1,246.92,123.46,123.46,已支付,否,2025-06,2025Q2
ORD202506290101,2025-06-29,C1099,江苏,无锡,京东,服饰鞋包,运动鞋,445.07,3,0.0,1335.21,774.42,560.79,已支付,是,2025-06,2025Q2
ORD202506290444,2025-06-29,C1055,四川,成都,天猫,美妆个护,面膜套装,125.02,1,0.15,106.27,53.13,53.14,已支付,否,2025-06,2025Q2
ORD202506290453,2025-06-29,C1104,北京,北京,抖音,美妆个护,精华液,255.89,1,0.05,243.1,109.39,133.71,已支付,否,2025-06,2025Q2
ORD202506290289,2025-06-29,C1598,湖北,宜昌,天猫,食品生鲜,水果礼盒,147.19,1,0.0,147.19,105.98,41.21,已支付,是,2025-06,2025Q2
